<?xml version="1.0" encoding="UTF-8"?>
<project-private xmlns="http://www.netbeans.org/ns/project-private/1">
    <editor-bookmarks xmlns="http://www.netbeans.org/ns/editor-bookmarks/2" lastBookmarkId="0"/>
    <open-files xmlns="http://www.netbeans.org/ns/projectui-open-files/2">
        <group>
            <file>file:/D:/OSPanel/domains/tz1laravel.my/.env</file>
            <file>file:/D:/OSPanel/domains/tz1laravel.my/config/app.php</file>
            <file>file:/D:/OSPanel/domains/tz1laravel.my/database/migrations/2022_04_13_112645_create_member_project_table.php</file>
            <file>file:/D:/OSPanel/domains/tz1laravel.my/app/Http/Controllers/API/ProjectController.php</file>
            <file>file:/D:/OSPanel/domains/tz1laravel.my/app/Http/Resources/ProjectResource.php</file>
            <file>file:/D:/OSPanel/domains/tz1laravel.my/app/Http/Controllers/API/MembersController.php</file>
            <file>file:/D:/OSPanel/domains/tz1laravel.my/routes/api.php</file>
            <file>file:/D:/OSPanel/domains/tz1laravel.my/app/Models/Member.php</file>
            <file>file:/D:/OSPanel/domains/tz1laravel.my/app/Models/Project.php</file>
            <file>file:/D:/OSPanel/domains/tz1laravel.my/database/migrations/2022_04_13_063527_create_projects_table.php</file>
        </group>
    </open-files>
</project-private>
